Year,Calendar Date (YYYYMMDD),WeekNo,Year_Week,$Price,$ Sales Amount,# Sold Unit,# Inventory Unit
2015,20150102,1,2015_01,114.14285714285714,68.4286398572113,1,0
2015,20150103,1,2015_01,114.14285714285714,85.57151414294272,1,0
2015,20150106,2,2015_02,114.14285714285714,171.14302828588544,2,0
2015,20150107,2,2015_02,114.14285714285714,85.57151414294272,1,0
2015,20150109,2,2015_02,114.14285714285714,114.14297128582842,1,0
2015,20150113,3,2015_03,114.14285714285714,85.57151414294272,1,0
2015,20150114,3,2015_03,114.14285714285714,85.57151414294272,1,0
2015,20150116,3,2015_03,114.14285714285714,0.0,0,0
2015,20150118,4,2015_04,114.14285714285714,199.72162829305685,2,249
2015,20150119,4,2015_04,114.14285714285714,199.71448542877116,2,0
2015,20150124,4,2015_04,114.14285714285714,114.14297128582842,1,0
2015,20150127,5,2015_05,114.14285714285714,114.14297128582842,1,0
2015,20150130,5,2015_05,114.14285714285714,85.57151414294272,1,0
2015,20150131,5,2015_05,114.14285714285714,256.71454242882817,3,0
2015,20150203,6,2015_06,114.14285714285714,68.4286398572113,1,0
2015,20150206,6,2015_06,114.14285714285714,381.42895285752434,10,0
2015,20150207,6,2015_06,114.14285714285714,456.71474242902815,11,0
2015,20150208,7,2015_07,114.14285714285714,303.5717321431607,3,150
2015,20150209,7,2015_07,114.14285714285714,248.81453452882025,3,0
2015,20150210,7,2015_07,114.14285714285714,100.42867185724329,1,0
2015,20150211,7,2015_07,114.14285714285714,85.57151414294272,1,0
2015,20150212,7,2015_07,114.14285714285714,176.8573197144626,2,0
2015,20150213,7,2015_07,114.14285714285714,5.714291428577143,0,0
2015,20150214,7,2015_07,114.14285714285714,214.57164314307173,2,0
2015,20150215,8,2015_08,114.14285714285714,91.28580557151986,1,129
2015,20150216,8,2015_08,114.14285714285714,154.0572969144398,2,0
2015,20150217,8,2015_08,114.14285714285714,180.32875175732318,2,0
2015,20150221,8,2015_08,114.14285714285714,79.90007990007989,1,0
2015,20150223,9,2015_09,114.14285714285714,114.14297128582842,1,0
2015,20150226,9,2015_09,114.14285714285714,114.14297128582842,1,0
2015,20150227,9,2015_09,114.14285714285714,308.1860224717368,3,0
2015,20150301,10,2015_10,114.14285714285714,114.14297128582842,1,111
2015,20150302,10,2015_10,114.14285714285714,114.14297128582842,1,0
2015,20150307,10,2015_10,114.14285714285714,85.57151414294272,1,0
2015,20150308,11,2015_11,114.14285714285714,85.57151414294272,1,116
2015,20150311,11,2015_11,114.14285714285714,228.28594257165685,2,0
2015,20150313,11,2015_11,114.14285714285714,182.57161114303972,2,0
2015,20150314,11,2015_11,114.14285714285714,370.85751371465653,4,0
2015,20150317,12,2015_12,114.14285714285714,85.57151414294272,1,0
2015,20150321,12,2015_12,114.14285714285714,85.57151414294272,1,0
2015,20150322,13,2015_13,114.14285714285714,188.3001883001883,2,109
2015,20150323,13,2015_13,114.14285714285714,68.4286398572113,1,0
2015,20150324,13,2015_13,114.14285714285714,228.28594257165685,2,0
2015,20150327,13,2015_13,114.14285714285714,374.8460891318034,5,0
2015,20150328,13,2015_13,114.14285714285714,286.4288578574293,3,0
2015,20150329,14,2015_14,114.14285714285714,394.7146804289662,5,97
2015,20150330,14,2015_14,114.14285714285714,91.28580557151986,1,0
2015,20150401,14,2015_14,114.14285714285714,199.71448542877116,2,0
2015,20150402,14,2015_14,114.14285714285714,68.4286398572113,1,0
2015,20150403,14,2015_14,114.14285714285714,273.8574167145596,3,0
2015,20150404,14,2015_14,114.14285714285714,114.14297128582842,1,0
2015,20150405,15,2015_15,114.14285714285714,372.000372000372,4,85
2015,20150406,15,2015_15,114.14285714285714,171.14302828588544,2,0
2015,20150407,15,2015_15,114.14285714285714,68.4286398572113,1,0
2015,20150408,15,2015_15,114.14285714285714,91.28580557151986,1,0
2015,20150409,15,2015_15,114.14285714285714,108.43582272153701,1,0
2015,20150411,15,2015_15,114.14285714285714,114.14297128582842,1,0
2015,20150412,16,2015_16,114.14285714285714,85.57151414294272,1,83
2015,20150414,16,2015_16,114.14285714285714,228.28594257165685,2,0
2015,20150416,16,2015_16,114.14285714285714,228.28594257165685,2,0
2015,20150417,16,2015_16,114.14285714285714,228.28594257165685,2,0
2015,20150419,17,2015_17,114.14285714285714,114.14297128582842,1,88
2015,20150420,17,2015_17,114.14285714285714,85.57151414294272,1,0
2015,20150423,17,2015_17,114.14285714285714,456.5718851433137,4,0
2015,20150424,17,2015_17,114.14285714285714,182.68589697161127,3,0
2015,20150425,17,2015_17,114.14285714285714,799.000799000799,7,0
2015,20150426,18,2015_18,114.14285714285714,542.1433992862565,5,103
2015,20150427,18,2015_18,114.14285714285714,627.7149134291991,6,0
2015,20150428,18,2015_18,114.14285714285714,342.4289138574853,3,0
2015,20150429,18,2015_18,114.14285714285714,399.5003995003995,4,0
2015,20150430,18,2015_18,114.14285714285714,274.00027400027403,3,0
2015,20150501,18,2015_18,114.14285714285714,662.0292334578048,6,0
2015,20150502,18,2015_18,114.14285714285714,542.1433992862565,5,0
2015,20150503,19,2015_19,114.14285714285714,285.28599957171383,3,70
2015,20150504,19,2015_19,114.14285714285714,228.28594257165685,2,0
2015,20150505,19,2015_19,114.14285714285714,353.8574967146396,4,0
2015,20150507,19,2015_19,114.14285714285714,114.14297128582842,1,0
2015,20150508,19,2015_19,114.14285714285714,114.14297128582842,1,0
2015,20150509,19,2015_19,114.14285714285714,199.71448542877116,2,0
2015,20150510,20,2015_20,114.14285714285714,114.14297128582842,1,56
2015,20150512,20,2015_20,114.14285714285714,0.0,0,0
2015,20150513,20,2015_20,114.14285714285714,40.00004000004,1,0
2015,20150516,20,2015_20,114.14285714285714,114.14297128582842,1,0
2015,20150517,21,2015_21,114.14285714285714,85.57151414294272,1,44
2015,20150519,21,2015_21,114.14285714285714,91.31437702866275,1,0
2015,20150520,21,2015_21,114.14285714285714,114.14297128582842,1,0
2015,20150521,21,2015_21,114.14285714285714,114.14297128582842,1,0
2015,20150522,21,2015_21,114.14285714285714,68.4286398572113,1,0
2015,20150523,21,2015_21,114.14285714285714,456.5718851433137,4,0
2015,20150524,22,2015_22,114.14285714285714,228.28594257165685,2,95
2015,20150525,22,2015_22,114.14285714285714,296.71458242886814,3,0
2015,20150526,22,2015_22,114.14285714285714,85.57151414294272,1,0
2015,20150527,22,2015_22,114.14285714285714,-68.4286398572113,-1,0
2015,20150528,22,2015_22,114.14285714285714,342.4289138574853,3,0
2015,20150529,22,2015_22,114.14285714285714,114.14297128582842,1,0
2015,20150531,23,2015_23,114.14285714285714,741.8578847150276,7,0
2015,20150601,23,2015_23,114.14285714285714,410.85755371469656,4,0
2015,20150602,23,2015_23,114.14285714285714,171.28588557159986,2,0
2015,20150603,23,2015_23,114.14285714285714,114.14297128582842,1,0
2015,20150604,23,2015_23,114.14285714285714,114.14297128582842,1,0
2015,20150605,23,2015_23,114.14285714285714,542.1433992862565,5,0
2015,20150606,23,2015_23,114.14285714285714,570.7148564291421,5,0
2015,20150607,24,2015_24,114.14285714285714,342.4289138574853,3,79
2015,20150608,24,2015_24,114.14285714285714,171.28588557159986,2,0
2015,20150609,24,2015_24,114.14285714285714,114.14297128582842,1,0
2015,20150610,24,2015_24,114.14285714285714,342.4289138574853,3,0
2015,20150611,24,2015_24,114.14285714285714,382.28609657181084,4,0
2015,20150612,24,2015_24,114.14285714285714,114.14297128582842,1,0
2015,20150613,24,2015_24,114.14285714285714,405.28611957183386,4,0
2015,20150614,25,2015_25,114.14285714285714,114.14297128582842,1,62
2015,20150615,25,2015_25,114.14285714285714,114.14297128582842,1,0
2015,20150618,25,2015_25,114.14285714285714,502.2290736576451,5,0
2015,20150619,25,2015_25,114.14285714285714,57.000057000057005,0,0
2015,20150620,25,2015_25,114.14285714285714,205.57163414306274,3,0
2015,20150622,26,2015_26,114.14285714285714,114.14297128582842,1,0
2015,20150623,26,2015_26,114.14285714285714,245.42881685738828,3,0
2015,20150624,26,2015_26,114.14285714285714,199.71448542877116,2,0
2015,20150625,26,2015_26,114.14285714285714,85.57151414294272,1,0
2015,20150627,26,2015_26,114.14285714285714,171.14302828588544,2,0
2015,20150628,27,2015_27,114.14285714285714,114.14297128582842,1,44
2015,20150629,27,2015_27,114.14285714285714,45.71433142861714,1,0
2015,20150702,27,2015_27,114.14285714285714,159.85730271444558,2,0
2015,20150704,27,2015_27,114.14285714285714,114.14297128582842,2,0
2015,20150706,28,2015_28,114.14285714285714,91.42866285723429,2,0
2015,20150707,28,2015_28,114.14285714285714,91.42866285723429,2,0
2015,20150709,28,2015_28,114.14285714285714,114.14297128582842,1,0
2015,20150710,28,2015_28,114.14285714285714,159.85730271444558,3,0
2015,20150711,28,2015_28,114.14285714285714,68.4286398572113,0,0
2015,20150712,29,2015_29,114.14285714285714,45.71433142861714,1,30
2015,20150713,29,2015_29,114.14285714285714,114.14297128582842,1,0
2015,20150717,29,2015_29,114.14285714285714,68.4286398572113,1,0
2015,20150721,30,2015_30,114.14285714285714,114.14297128582842,1,0
2015,20150728,31,2015_31,114.14285714285714,114.14297128582842,1,0
2015,20150805,32,2015_32,114.14285714285714,114.14297128582842,1,0
2015,20150811,33,2015_33,114.14285714285714,-114.14297128582842,-1,0
2015,20150820,34,2015_34,114.14285714285714,1716.7102881388596,32,0
2015,20150828,35,2015_35,114.14285714285714,1651.6487945059373,15,0
2015,20150829,35,2015_35,114.14285714285714,799.000799000799,7,0
2015,20150830,36,2015_36,114.14285714285714,1997.5019975019975,19,270
2015,20150831,36,2015_36,114.14285714285714,885.7151714294571,8,0
2015,20150901,36,2015_36,114.14285714285714,2043.1449002877575,18,0
2015,20150902,36,2015_36,114.14285714285714,2357.0023570023573,21,0
2015,20150903,36,2015_36,114.14285714285714,2498.4310698596414,23,0
2015,20150904,36,2015_36,114.14285714285714,3053.145910288768,28,0
2015,20150905,36,2015_36,114.14285714285714,3082.881654310226,28,0
2015,20150906,37,2015_37,114.14285714285714,2928.288642574357,26,809
2015,20150907,37,2015_37,114.14285714285714,2054.5734831449117,18,0
2015,20150908,37,2015_37,114.14285714285714,4357.932929361501,40,0
2015,20150909,37,2015_37,114.14285714285714,2602.4311738597453,23,0
2015,20150910,37,2015_37,114.14285714285714,1695.001695001695,15,0
2015,20150911,37,2015_37,114.14285714285714,3253.07468164611,29,0
2015,20150912,37,2015_37,114.14285714285714,6928.3640712212145,63,0
2015,20150913,38,2015_38,114.14285714285714,8365.436936865508,75,1690
2015,20150914,38,2015_38,114.14285714285714,4794.004794004794,43,0
2015,20150915,38,2015_38,114.14285714285714,4879.433450862022,45,0
2015,20150916,38,2015_38,114.14285714285714,3983.575412146841,37,0
2015,20150917,38,2015_38,114.14285714285714,2956.4315278600993,26,0
2015,20150918,38,2015_38,114.14285714285714,4976.633548062119,47,0
2015,20150919,38,2015_38,114.14285714285714,8824.594538880254,80,0
2015,20150920,39,2015_39,114.14285714285714,7200.150057292914,65,1528
2015,20150921,39,2015_39,114.14285714285714,3253.1461102889675,29,0
2015,20150922,39,2015_39,114.14285714285714,2619.5811910097623,23,0
2015,20150923,39,2015_39,114.14285714285714,3184.574613146042,28,0
2015,20150924,39,2015_39,114.14285714285714,2950.7172364315225,27,0
2015,20150925,39,2015_39,114.14285714285714,3666.7179524322382,35,0
2015,20150926,39,2015_39,114.14285714285714,6665.692379978094,62,0
2015,20150927,40,2015_40,114.14285714285714,7077.57136328565,65,1475
2015,20150928,40,2015_40,114.14285714285714,2803.2885175742317,25,0
2015,20150929,40,2015_40,114.14285714285714,4961.290675576391,48,0
2015,20150930,40,2015_40,114.14285714285714,3444.7320161605876,31,0
2015,20151001,40,2015_40,114.14285714285714,9849.495563781276,96,0
2015,20151002,40,2015_40,114.14285714285714,7072.78850135993,68,0
2015,20151003,40,2015_40,114.14285714285714,5212.05092633664,48,0
2015,20151004,41,2015_41,114.14285714285714,6371.434942863514,59,1173
2015,20151005,41,2015_41,114.14285714285714,5007.897865040722,47,0
2015,20151006,41,2015_41,114.14285714285714,5026.1621690193115,46,0
2015,20151007,41,2015_41,114.14285714285714,3367.003367003367,31,0
2015,20151008,41,2015_41,114.14285714285714,1558.4044155472727,14,0
2015,20151009,41,2015_41,114.14285714285714,887.0780299351727,8,0
2015,20151010,41,2015_41,114.14285714285714,1462.081462081462,13,0
2015,20151011,42,2015_42,114.14285714285714,1803.833232404661,16,1582
2015,20151012,42,2015_42,114.14285714285714,536.831965403394,5,0
2015,20151013,42,2015_42,114.14285714285714,639.1434962863534,6,0
2015,20151014,42,2015_42,114.14285714285714,1215.7226442940728,11,0
2015,20151015,42,2015_42,114.14285714285714,998.7152844295701,9,0
2015,20151016,42,2015_42,114.14285714285714,1646.7159324302183,17,0
2015,20151017,42,2015_42,114.14285714285714,3124.888124888125,29,0
2015,20151018,43,2015_43,114.14285714285714,2111.0049681478254,19,1261
2015,20151019,43,2015_43,114.14285714285714,770.5721991436277,7,0
2015,20151020,43,2015_43,114.14285714285714,4194.861337718481,38,0
2015,20151021,43,2015_43,114.14285714285714,9560.248845963131,85,0
2015,20151022,43,2015_43,114.14285714285714,1238.772667344096,12,0
2015,20151023,43,2015_43,114.14285714285714,5834.2229770801205,54,0
2015,20151024,43,2015_43,114.14285714285714,6123.148980291838,56,0
2015,20151025,44,2015_44,114.14285714285714,6345.577774149203,58,2309
2015,20151026,44,2015_44,114.14285714285714,1136.1182789754218,10,0
2015,20151027,44,2015_44,114.14285714285714,539.8576827148256,5,0
2015,20151028,44,2015_44,114.14285714285714,907.4294788580503,8,0
2015,20151029,44,2015_44,114.14285714285714,799.000799000799,7,0
2015,20151030,44,2015_44,114.14285714285714,1442.6494426494426,13,0
2015,20151031,44,2015_44,114.14285714285714,2601.196886911173,24,0
2015,20151101,45,2015_45,114.14285714285714,1931.41764570336,19,1883
2015,20151102,45,2015_45,114.14285714285714,799.000799000799,7,0
2015,20151103,45,2015_45,114.14285714285714,666.3920949635235,6,0
2015,20151104,45,2015_45,114.14285714285714,570.7148564291421,5,0
2015,20151105,45,2015_45,114.14285714285714,342.4289138574853,3,0
2015,20151106,45,2015_45,114.14285714285714,216.8573597145026,2,0
2015,20151107,45,2015_45,114.14285714285714,1287.8327164041448,12,0
2015,20151108,46,2015_46,114.14285714285714,1681.7159674302532,20,1690
2015,20151109,46,2015_46,114.14285714285714,199.71448542877116,2,0
2015,20151110,46,2015_46,114.14285714285714,314.2603142603143,3,0
2015,20151111,46,2015_46,114.14285714285714,1648.070219498791,15,0
2015,20151112,46,2015_46,114.14285714285714,793.6893651179366,7,0
2015,20151113,46,2015_46,114.14285714285714,1892.6018926018928,17,0
2015,20151114,46,2015_46,114.14285714285714,4189.4070465499035,38,0
2015,20151115,47,2015_47,114.14285714285714,1085.4296568582283,10,1473
2015,20151116,47,2015_47,114.14285714285714,114.14297128582842,1,0
2015,20151117,47,2015_47,114.14285714285714,411.1432682861255,4,0
2015,20151118,47,2015_47,114.14285714285714,673.8321024035309,6,0
2015,20151119,47,2015_47,114.14285714285714,342.4289138574853,3,0
2015,20151120,47,2015_47,114.14285714285714,222.9745086887944,2,0
2015,20151121,47,2015_47,114.14285714285714,1710.4045675474247,16,0
2015,20151122,48,2015_48,114.14285714285714,735.0435921864494,7,1164
2015,20151123,48,2015_48,114.14285714285714,764.7150504293361,7,0
2015,20151124,48,2015_48,114.14285714285714,228.28594257165685,2,0
2015,20151125,48,2015_48,114.14285714285714,536.5719651433938,5,0
2015,20151126,48,2015_48,114.14285714285714,171.14302828588544,2,0
2015,20151127,48,2015_48,114.14285714285714,372.14322928608647,4,0
2015,20151128,48,2015_48,114.14285714285714,959.2866735723879,10,0
2015,20151129,49,2015_49,114.14285714285714,214.58592887164315,2,1030
2015,20151130,49,2015_49,114.14285714285714,1010.286724572439,9,0
2015,20151201,49,2015_49,114.14285714285714,114.14297128582842,1,0
2015,20151202,49,2015_49,114.14285714285714,456.5718851433137,4,0
2015,20151203,49,2015_49,114.14285714285714,419.4289908575623,4,0
2015,20151204,49,2015_49,114.14285714285714,442.85758571472854,4,0
2015,20151205,49,2015_49,114.14285714285714,365.14322228607944,4,0
2015,20151206,50,2015_50,114.14285714285714,971.6895431181146,9,983
2015,20151207,50,2015_50,114.14285714285714,-114.14297128582842,-1,0
2015,20151208,50,2015_50,114.14285714285714,205.42877685734828,2,0
2015,20151209,50,2015_50,114.14285714285714,137.00013700013702,5,0
2015,20151210,50,2015_50,114.14285714285714,205.45734831449118,2,0
2015,20151211,50,2015_50,114.14285714285714,921.8866361723504,11,0
2015,20151212,50,2015_50,114.14285714285714,1257.4041145469716,14,0
2015,20151213,51,2015_51,114.14285714285714,406.2861205718349,4,915
2015,20151214,51,2015_51,114.14285714285714,331.8060460917604,3,0
2015,20151215,51,2015_51,114.14285714285714,296.74315388601104,6,0
2015,20151216,51,2015_51,114.14285714285714,91.28580557151986,1,0
2015,20151217,51,2015_51,114.14285714285714,216.8573597145026,2,0
2015,20151218,51,2015_51,114.14285714285714,194.000194000194,2,0
2015,20151219,51,2015_51,114.14285714285714,1078.4296498582212,11,0
2015,20151220,52,2015_52,114.14285714285714,1281.3012813012813,15,878
2015,20151221,52,2015_52,114.14285714285714,296.71458242886814,3,0
2015,20151222,52,2015_52,114.14285714285714,342.4289138574853,3,0
2015,20151223,52,2015_52,114.14285714285714,228.28594257165685,2,0
2015,20151224,52,2015_52,114.14285714285714,2648.074076645505,28,0
2015,20151225,52,2015_52,114.14285714285714,511.28622557193984,5,0
2015,20151226,52,2015_52,114.14285714285714,817.1436742865314,8,0
2015,20151227,53,2015_53,114.14285714285714,1141.4297128582841,11,810
2015,20151228,53,2015_53,114.14285714285714,228.28594257165685,2,0
2015,20151229,53,2015_53,114.14285714285714,785.286499572214,7,0
2015,20151230,53,2015_53,114.14285714285714,469.000469000469,5,0
2015,20151231,53,2015_53,114.14285714285714,182.57161114303972,2,0
2016,20160101,1,2016_01,114.14285714285714,1780.1446372874946,19,0
2016,20160102,1,2016_01,114.14285714285714,1300.8584437155866,14,0
2016,20160103,2,2016_02,114.14285714285714,389.1432462861035,4,746
2016,20160104,2,2016_02,114.14285714285714,214.57164314307173,2,0
2016,20160105,2,2016_02,114.14285714285714,279.57170814313673,3,0
2016,20160106,2,2016_02,114.14285714285714,456.5718851433137,4,0
2016,20160107,2,2016_02,114.14285714285714,0.0,0,0
2016,20160108,2,2016_02,114.14285714285714,534.1433912862484,5,0
2016,20160109,2,2016_02,114.14285714285714,683.2149689292546,7,0
2016,20160110,3,2016_03,114.14285714285714,1455.2871695728838,13,736
2016,20160111,3,2016_03,114.14285714285714,176.8573197144626,2,0
2016,20160112,3,2016_03,114.14285714285714,302.4288738574453,3,0
2016,20160114,3,2016_03,114.14285714285714,456.5718851433137,4,0
2016,20160115,3,2016_03,114.14285714285714,479.28619357190786,5,0
2016,20160116,3,2016_03,114.14285714285714,2181.573610145039,26,0
2016,20160117,4,2016_04,114.14285714285714,1793.2160789303648,17,829
2016,20160118,4,2016_04,114.14285714285714,913.1723417437704,8,0
2016,20160119,4,2016_04,114.14285714285714,547.8576907148337,5,0
2016,20160120,4,2016_04,114.14285714285714,1403.8585467156897,13,0
2016,20160121,4,2016_04,114.14285714285714,1991.7162774305632,18,0
2016,20160122,4,2016_04,114.14285714285714,1569.287283572998,15,0
2016,20160123,4,2016_04,114.14285714285714,2740.288454574169,31,0
2016,20160124,5,2016_05,114.14285714285714,2962.0029620029622,26,1229
2016,20160125,5,2016_05,114.14285714285714,1881.001881001881,17,0
2016,20160126,5,2016_05,114.14285714285714,1426.8585697157127,12,0
2016,20160127,5,2016_05,114.14285714285714,2337.445194588052,22,0
2016,20160128,5,2016_05,114.14285714285714,1675.5731041445329,15,0
2016,20160129,5,2016_05,114.14285714285714,2902.588616874331,39,0
2016,20160130,5,2016_05,114.14285714285714,4434.633006061577,42,0
2016,20160131,6,2016_06,114.14285714285714,4162.018447732733,41,0
2016,20160201,6,2016_06,114.14285714285714,3376.3033763033764,30,0
2016,20160202,6,2016_06,114.14285714285714,2321.5737501451786,21,0
2016,20160203,6,2016_06,114.14285714285714,4074.7183604326465,38,0
2016,20160204,6,2016_06,114.14285714285714,3497.289211574926,31,0
2016,20160205,6,2016_06,114.14285714285714,4516.447373590231,42,0
2016,20160206,6,2016_06,114.14285714285714,5153.86229671944,48,0
2016,20160207,7,2016_07,114.14285714285714,1752.001752001752,16,1507
2016,20160208,7,2016_07,114.14285714285714,1826.2875405732548,16,0
2016,20160209,7,2016_07,114.14285714285714,2484.773913345342,23,0
2016,20160210,7,2016_07,114.14285714285714,2054.5734831449117,18,0
2016,20160211,7,2016_07,114.14285714285714,2434.573863145292,22,0
2016,20160212,7,2016_07,114.14285714285714,2497.2882115739258,23,0
2016,20160213,7,2016_07,114.14285714285714,2513.331084759656,23,0
2016,20160214,8,2016_08,114.14285714285714,3665.0179507322364,34,1350
2016,20160215,8,2016_08,114.14285714285714,1812.4303838589553,17,0
2016,20160216,8,2016_08,114.14285714285714,1680.287394573109,14,0
2016,20160217,8,2016_08,114.14285714285714,1655.1445122873695,14,0
2016,20160218,8,2016_08,114.14285714285714,1013.5724421438707,9,0
2016,20160219,8,2016_08,114.14285714285714,1038.7153244296103,9,0
2016,20160220,8,2016_08,114.14285714285714,1858.7014301300017,16,0
2016,20160221,9,2016_09,114.14285714285714,1569.4301408587123,14,1303
2016,20160222,9,2016_09,114.14285714285714,954.4148115576687,10,0
2016,20160223,9,2016_09,114.14285714285714,968.2676825533969,9,0
2016,20160224,9,2016_09,114.14285714285714,1093.8435224149512,10,0
2016,20160225,9,2016_09,114.14285714285714,637.2716372716372,6,0
2016,20160226,9,2016_09,114.14285714285714,3797.846226417655,43,0
2016,20160227,9,2016_09,114.14285714285714,4439.360153645868,47,0
2016,20160228,10,2016_10,114.14285714285714,1753.816610959468,17,2116
2016,20160229,10,2016_10,114.14285714285714,1160.400303257446,11,0
2016,20160301,10,2016_10,114.14285714285714,1575.1315751315751,14,0
2016,20160302,10,2016_10,114.14285714285714,1438.1442952871525,13,0
2016,20160303,10,2016_10,114.14285714285714,491.7147774290632,5,0
2016,20160304,10,2016_10,114.14285714285714,1598.1673124530269,16,0
2016,20160305,10,2016_10,114.14285714285714,1900.5019005019005,19,0
2016,20160306,11,2016_11,114.14285714285714,2743.8413152698868,25,1912
2016,20160307,11,2016_11,114.14285714285714,1552.3244094672666,15,0
2016,20160308,11,2016_11,114.14285714285714,1398.1442552871124,13,0
2016,20160309,11,2016_11,114.14285714285714,2088.7163744306604,19,0
2016,20160310,11,2016_11,114.14285714285714,2702.902702902703,24,0
2016,20160311,11,2016_11,114.14285714285714,2851.2014226299943,26,0
2016,20160312,11,2016_11,114.14285714285714,9377.823663537949,85,0
2016,20160313,12,2016_12,114.14285714285714,11643.981643981644,107,6027
2016,20160314,12,2016_12,114.14285714285714,5984.4488415916985,54,0
2016,20160315,12,2016_12,114.14285714285714,4856.679142393429,46,0
2016,20160316,12,2016_12,114.14285714285714,6106.606106606107,56,0
2016,20160317,12,2016_12,114.14285714285714,5096.1550961550965,48,0
2016,20160318,12,2016_12,114.14285714285714,8380.351237494095,77,0
2016,20160319,12,2016_12,114.14285714285714,16410.28069599498,149,0
2016,20160320,13,2016_13,114.14285714285714,15425.201139486855,138,7502
2016,20160321,13,2016_13,114.14285714285714,4973.76211661926,45,0
2016,20160322,13,2016_13,114.14285714285714,4460.614460614461,42,0
2016,20160323,13,2016_13,114.14285714285714,6152.049009191866,66,0
2016,20160324,13,2016_13,114.14285714285714,4917.147774290631,45,0
2016,20160325,13,2016_13,114.14285714285714,5950.1630930202355,55,0
2016,20160326,13,2016_13,114.14285714285714,15278.362421219563,148,0
2016,20160327,14,2016_14,114.14285714285714,10897.22518293947,100,7412
2016,20160328,14,2016_14,114.14285714285714,3570.3521417807133,32,0
2016,20160329,14,2016_14,114.14285714285714,4063.304063304063,38,0
2016,20160330,14,2016_14,114.14285714285714,4388.647245790103,44,0
2016,20160331,14,2016_14,114.14285714285714,6149.51614951615,56,0
2016,20160401,14,2016_14,114.14285714285714,6586.730872445158,60,0
2016,20160402,14,2016_14,114.14285714285714,13264.354692926121,123,0
2016,20160403,15,2016_15,114.14285714285714,18086.390943533803,168,6653
2016,20160404,15,2016_15,114.14285714285714,13169.5588838446,122,0
2016,20160405,15,2016_15,114.14285714285714,3673.875102446531,34,0
2016,20160406,15,2016_15,114.14285714285714,2214.1450712879287,21,0
2016,20160407,15,2016_15,114.14285714285714,2269.1651263079834,20,0
2016,20160408,15,2016_15,114.14285714285714,4559.975988547417,42,0
2016,20160409,15,2016_15,114.14285714285714,10678.62067862068,103,0
2016,20160410,16,2016_16,114.14285714285714,10438.987581844724,97,6879
2016,20160411,16,2016_16,114.14285714285714,3297.547583261869,30,0
2016,20160412,16,2016_16,114.14285714285714,3227.8889421746567,29,0
2016,20160413,16,2016_16,114.14285714285714,4052.004052004052,38,0
2016,20160414,16,2016_16,114.14285714285714,3410.589124874839,30,0
2016,20160415,16,2016_16,114.14285714285714,4562.111704968848,42,0
2016,20160416,16,2016_16,114.14285714285714,8547.669976241405,80,0
2016,20160417,17,2016_17,114.14285714285714,10068.297211154353,95,6729
2016,20160418,17,2016_17,114.14285714285714,3664.932236360808,35,0
2016,20160419,17,2016_17,114.14285714285714,4480.947338090195,43,0
2016,20160420,17,2016_17,114.14285714285714,4769.647626790484,46,0
2016,20160421,17,2016_17,114.14285714285714,5679.469965184251,54,0
2016,20160422,17,2016_17,114.14285714285714,6267.167695739125,61,0
2016,20160423,17,2016_17,114.14285714285714,9658.32394403823,90,0
2016,20160424,18,2016_18,114.14285714285714,10061.110061110061,95,7443
2016,20160425,18,2016_18,114.14285714285714,4349.875778447207,40,0
2016,20160426,18,2016_18,114.14285714285714,2546.5811180096894,24,0
2016,20160427,18,2016_18,114.14285714285714,3028.1630281630282,28,0
2016,20160428,18,2016_18,114.14285714285714,4124.96126781841,39,0
2016,20160429,18,2016_18,114.14285714285714,32939.447225161515,298,0
2016,20160430,18,2016_18,114.14285714285714,19550.94955094955,190,0
2016,20160501,19,2016_19,114.14285714285714,22050.456336170624,213,8534
2016,20160502,19,2016_19,114.14285714285714,12333.630905059477,118,0
2016,20160503,19,2016_19,114.14285714285714,6264.980550694836,60,0
2016,20160504,19,2016_19,114.14285714285714,4269.18855490284,40,0
2016,20160505,19,2016_19,114.14285714285714,2609.145466288324,24,0
2016,20160506,19,2016_19,114.14285714285714,2831.9199747771177,26,0
2016,20160507,19,2016_19,114.14285714285714,8503.46993204136,80,0
2016,20160508,20,2016_20,114.14285714285714,8195.799624371053,78,8177
2016,20160509,20,2016_20,114.14285714285714,1629.7730583444868,16,0
2016,20160510,20,2016_20,114.14285714285714,3935.511078368221,37,0
2016,20160511,20,2016_20,114.14285714285714,4163.761306618449,39,0
2016,20160512,20,2016_20,114.14285714285714,4686.468972183257,44,0
2016,20160513,20,2016_20,114.14285714285714,4918.683490112062,48,0
2016,20160514,20,2016_20,114.14285714285714,10749.179320607891,109,0
2016,20160515,21,2016_21,114.14285714285714,8659.965802822944,85,8794
2016,20160516,21,2016_21,114.14285714285714,2417.2381315238463,24,0
2016,20160517,21,2016_21,114.14285714285714,2104.6878189735335,19,0
2016,20160518,21,2016_21,114.14285714285714,3389.8319612605324,32,0
2016,20160519,21,2016_21,114.14285714285714,2586.3740149454434,24,0
2016,20160520,21,2016_21,114.14285714285714,4060.6612035183466,41,0
2016,20160521,21,2016_21,114.14285714285714,8676.422962137247,84,0
2016,20160522,22,2016_22,114.14285714285714,11118.898261755407,110,8259
2016,20160523,22,2016_22,114.14285714285714,1763.3131918846207,17,0
2016,20160524,22,2016_22,114.14285714285714,2353.3380676237816,23,0
2016,20160525,22,2016_22,114.14285714285714,2891.0171767314623,27,0
2016,20160526,22,2016_22,114.14285714285714,3602.380745237888,35,0
2016,20160527,22,2016_22,114.14285714285714,5732.034303462875,59,0
2016,20160528,22,2016_22,114.14285714285714,8512.514226799942,83,0
2016,20160529,23,2016_23,114.14285714285714,8537.09710852568,82,7412
2016,20160530,23,2016_23,114.14285714285714,3040.588754874469,29,0
2016,20160531,23,2016_23,114.14285714285714,5162.9408772265915,50,0
2016,20160601,23,2016_23,114.14285714285714,4591.89030617602,42,0
2016,20160602,23,2016_23,114.14285714285714,3673.610816467959,35,0
2016,20160603,23,2016_23,114.14285714285714,2765.6599085170515,26,0
2016,20160604,23,2016_23,114.14285714285714,7564.851850566137,72,0
2016,20160605,24,2016_24,114.14285714285714,6889.106889106889,67,7210
2016,20160606,24,2016_24,114.14285714285714,3547.317833032119,35,0
2016,20160607,24,2016_24,114.14285714285714,3629.6036296036295,35,0
2016,20160608,24,2016_24,114.14285714285714,5589.425589425589,54,0
2016,20160609,24,2016_24,114.14285714285714,15533.362676219818,147,0
2016,20160610,24,2016_24,114.14285714285714,13306.07187750045,130,0
2016,20160611,24,2016_24,114.14285714285714,13504.367790082077,132,0
2016,20160612,25,2016_25,114.14285714285714,5843.51298637013,57,10051
2016,20160613,25,2016_25,114.14285714285714,6435.692149977865,60,0
2016,20160614,25,2016_25,114.14285714285714,9010.380438951868,83,0
2016,20160615,25,2016_25,114.14285714285714,11890.969033826175,111,0
2016,20160616,25,2016_25,114.14285714285714,13660.556517699377,127,0
2016,20160617,25,2016_25,114.14285714285714,19501.40521569093,180,0
2016,20160618,25,2016_25,114.14285714285714,39217.054931340645,365,0
2016,20160619,26,2016_26,114.14285714285714,36029.180314894606,333,16577
2016,20160620,26,2016_26,114.14285714285714,12973.470116327258,120,0
2016,20160621,26,2016_26,114.14285714285714,14428.514428514429,135,0
2016,20160622,26,2016_26,114.14285714285714,14395.120109405825,133,0
2016,20160623,26,2016_26,114.14285714285714,14187.085615657046,131,0
2016,20160624,26,2016_26,114.14285714285714,20718.646432932146,193,0
2016,20160625,26,2016_26,114.14285714285714,35754.51575451575,334,0
2016,20160626,27,2016_27,114.14285714285714,32231.4165171308,303,18439
2016,20160627,27,2016_27,114.14285714285714,17163.380020522876,157,0
2016,20160628,27,2016_27,114.14285714285714,22187.09218709219,233,0
2016,20160629,27,2016_27,114.14285714285714,17533.974676831822,165,0
2016,20160630,27,2016_27,114.14285714285714,16767.84533927391,157,0
2016,20160701,27,2016_27,114.14285714285714,15977.137405708834,150,0
2016,20160702,27,2016_27,114.14285714285714,37863.070720213575,349,0
2016,20160703,28,2016_28,114.14285714285714,35613.88561388561,332,17338
2016,20160704,28,2016_28,114.14285714285714,17815.512101226388,165,0
2016,20160705,28,2016_28,114.14285714285714,15618.298475441332,145,0
2016,20160706,28,2016_28,114.14285714285714,16716.05100176529,154,0
2016,20160707,28,2016_28,114.14285714285714,18748.86874886875,175,0
2016,20160708,28,2016_28,114.14285714285714,21491.072919644346,204,0
2016,20160709,28,2016_28,114.14285714285714,31046.342474913905,292,0
2016,20160710,29,2016_29,114.14285714285714,31640.461640461643,295,15993
2016,20160711,29,2016_29,114.14285714285714,20191.698763127337,185,0
2016,20160712,29,2016_29,114.14285714285714,17090.10280438852,158,0
2016,20160713,29,2016_29,114.14285714285714,24903.43061771633,296,0
2016,20160714,29,2016_29,114.14285714285714,16990.759847902707,157,0
2016,20160715,29,2016_29,114.14285714285714,20950.18666447238,200,0
2016,20160716,29,2016_29,114.14285714285714,27649.22764922765,261,0
2016,20160717,30,2016_30,114.14285714285714,29291.919291919297,279,17583
2016,20160718,30,2016_30,114.14285714285714,16937.13122284551,160,0
2016,20160719,30,2016_30,114.14285714285714,14093.794093794095,130,0
2016,20160720,30,2016_30,114.14285714285714,11664.005949720236,109,0
2016,20160721,30,2016_30,114.14285714285714,14203.402774831347,134,0
2016,20160722,30,2016_30,114.14285714285714,17030.36703036703,161,0
2016,20160723,30,2016_30,114.14285714285714,27545.363259648977,261,0
2016,20160724,31,2016_31,114.14285714285714,26093.314664743233,250,17981
2016,20160725,31,2016_31,114.14285714285714,12706.848421134137,118,0
2016,20160726,31,2016_31,114.14285714285714,14650.94465094465,135,0
2016,20160727,31,2016_31,114.14285714285714,11320.671320671321,106,0
2016,20160728,31,2016_31,114.14285714285714,10762.93219150362,103,0
2016,20160729,31,2016_31,114.14285714285714,12914.601486030057,125,0
2016,20160730,31,2016_31,114.14285714285714,20410.087552944697,199,0
2016,20160731,32,2016_32,114.14285714285714,22046.60776089348,214,0
2016,20160801,32,2016_32,114.14285714285714,12208.38649410078,114,0
2016,20160802,32,2016_32,114.14285714285714,10024.671453242883,93,0
2016,20160803,32,2016_32,114.14285714285714,10697.610697610698,102,0
2016,20160804,32,2016_32,114.14285714285714,10091.058662487234,96,0
2016,20160805,32,2016_32,114.14285714285714,12007.92629364058,116,0
2016,20160806,32,2016_32,114.14285714285714,21651.86879472594,207,0
2016,20160807,33,2016_33,114.14285714285714,20966.176680462395,209,14795
2016,20160808,33,2016_33,114.14285714285714,17679.854822711968,180,0
2016,20160809,33,2016_33,114.14285714285714,14769.92905564334,142,0
2016,20160810,33,2016_33,114.14285714285714,11890.483319054749,114,0
2016,20160811,33,2016_33,114.14285714285714,9615.788187216758,91,0
2016,20160812,33,2016_33,114.14285714285714,13662.275090846519,132,0
2016,20160813,33,2016_33,114.14285714285714,19197.319197319197,193,0
2016,20160814,34,2016_34,114.14285714285714,15030.197887340746,146,13494
2016,20160815,34,2016_34,114.14285714285714,9691.988263416835,90,0
2016,20160816,34,2016_34,114.14285714285714,10274.89313203599,100,0
2016,20160817,34,2016_34,114.14285714285714,11650.943079514509,113,0
2016,20160818,34,2016_34,114.14285714285714,9417.030845602274,94,0
2016,20160819,34,2016_34,114.14285714285714,12481.449624306768,121,0
2016,20160820,34,2016_34,114.14285714285714,17671.547671547676,176,0
2016,20160821,35,2016_35,114.14285714285714,20967.403824546684,206,12326
2016,20160822,35,2016_35,114.14285714285714,11747.82603354032,113,0
2016,20160823,35,2016_35,114.14285714285714,10530.390530390532,101,0
2016,20160824,35,2016_35,114.14285714285714,8802.551659694518,84,0
2016,20160825,35,2016_35,114.14285714285714,12774.587060301348,125,0
2016,20160826,35,2016_35,114.14285714285714,13301.726158869018,132,0
2016,20160827,35,2016_35,114.14285714285714,17790.59921917065,176,0
2016,20160828,36,2016_36,114.14285714285714,19289.172146315002,191,11834
2016,20160829,36,2016_36,114.14285714285714,10925.252353823784,107,0
2016,20160830,36,2016_36,114.14285714285714,9426.480855052285,91,0
2016,20160831,36,2016_36,114.14285714285714,13213.741785170358,173,0
2016,20160901,36,2016_36,114.14285714285714,6337.243480100624,60,0
2016,20160902,36,2016_36,114.14285714285714,9213.264927550643,90,0
2016,20160903,36,2016_36,114.14285714285714,15848.318705461563,154,0
2016,20160904,37,2016_37,114.14285714285714,14368.631511488655,144,10359
2016,20160905,37,2016_37,114.14285714285714,7532.050389193247,70,0
2016,20160906,37,2016_37,114.14285714285714,3747.5494618351763,37,0
2016,20160907,37,2016_37,114.14285714285714,6286.1620004477145,62,0
2016,20160908,37,2016_37,114.14285714285714,5786.475786475787,57,0
2016,20160909,37,2016_37,114.14285714285714,5519.419805134091,57,0
2016,20160910,37,2016_37,114.14285714285714,15476.316904888334,150,0
2016,20160911,38,2016_38,114.14285714285714,12232.836518550806,120,9629
2016,20160912,38,2016_38,114.14285714285714,3708.1951367665656,37,0
2016,20160913,38,2016_38,114.14285714285714,4177.585606157035,42,0
2016,20160914,38,2016_38,114.14285714285714,5781.287209858639,59,0
2016,20160915,38,2016_38,114.14285714285714,10530.783387926245,106,0
2016,20160916,38,2016_38,114.14285714285714,11610.318753175896,122,0
2016,20160917,38,2016_38,114.14285714285714,8006.60657803515,80,0
2016,20160918,39,2016_39,114.14285714285714,6351.217779789209,64,9037
2016,20160919,39,2016_39,114.14285714285714,4929.890644176358,49,0
2016,20160920,39,2016_39,114.14285714285714,6505.840791555077,65,0
2016,20160921,39,2016_39,114.14285714285714,2961.7586760443905,24,0
2016,20160922,39,2016_39,114.14285714285714,3780.8609237180667,42,0
2016,20160923,39,2016_39,114.14285714285714,4934.593506022077,52,0
2016,20160924,39,2016_39,114.14285714285714,21431.484288627144,216,0
2016,20160925,40,2016_40,114.14285714285714,8297.049725621155,84,11449
2016,20160926,40,2016_40,114.14285714285714,6094.2889514318085,63,0
2016,20160927,40,2016_40,114.14285714285714,13316.769031054744,131,0
2016,20160928,40,2016_40,114.14285714285714,33200.80177223034,358,0
2016,20160929,40,2016_40,114.14285714285714,6837.508266079695,67,0
2016,20160930,40,2016_40,114.14285714285714,12150.877865163578,135,0
2016,20161001,40,2016_40,114.14285714285714,19683.883969598253,200,0
2016,20161002,41,2016_41,114.14285714285714,19593.04245018531,194,11524
2016,20161003,41,2016_41,114.14285714285714,18594.55145169431,187,0
2016,20161004,41,2016_41,114.14285714285714,12792.074220645649,127,0
2016,20161005,41,2016_41,114.14285714285714,13460.283460283461,134,0
2016,20161006,41,2016_41,114.14285714285714,11353.365639079924,114,0
2016,20161007,41,2016_41,114.14285714285714,12054.366340080625,119,0
2016,20161008,41,2016_41,114.14285714285714,4133.061275918419,41,0
2016,20161009,42,2016_42,114.14285714285714,4603.118888833174,46,10935
2016,20161010,42,2016_42,114.14285714285714,5297.255297255298,51,0
2016,20161011,42,2016_42,114.14285714285714,4083.546940689798,40,0
2016,20161012,42,2016_42,114.14285714285714,5023.729309443595,48,0
2016,20161013,42,2016_42,114.14285714285714,5007.342150199293,48,0
2016,20161014,42,2016_42,114.14285714285714,6529.65652965653,63,0
2016,20161015,42,2016_42,114.14285714285714,11888.297602583316,116,0
2016,20161016,43,2016_43,114.14285714285714,9751.839751839752,97,12895
2016,20161017,43,2016_43,114.14285714285714,4314.838600552886,43,0
2016,20161018,43,2016_43,114.14285714285714,7478.883193168907,75,0
2016,20161019,43,2016_43,114.14285714285714,5100.296528867958,51,0
2016,20161020,43,2016_43,114.14285714285714,3926.4610693182126,39,0
2016,20161021,43,2016_43,114.14285714285714,4982.840697126411,50,0
2016,20161022,43,2016_43,114.14285714285714,8599.675742532885,85,0
2016,20161023,44,2016_44,114.14285714285714,8316.676888105461,83,10452
2016,20161024,44,2016_44,114.14285714285714,3612.172183600755,37,0
2016,20161025,44,2016_44,114.14285714285714,2879.0171647314505,27,0
2016,20161026,44,2016_44,114.14285714285714,1904.8590477161906,18,0
2016,20161027,44,2016_44,114.14285714285714,2876.4028764028767,26,0
2016,20161028,44,2016_44,114.14285714285714,3831.632403060975,52,0
2016,20161029,44,2016_44,114.14285714285714,9690.546833403976,107,0
2016,20161030,45,2016_45,114.14285714285714,8818.387389815962,88,9987
2016,20161031,45,2016_45,114.14285714285714,2866.7457238885813,29,0
2016,20161101,45,2016_45,114.14285714285714,4296.718582432868,42,0
2016,20161102,45,2016_45,114.14285714285714,3419.6462767891344,32,0
2016,20161103,45,2016_45,114.14285714285714,2709.659852516995,26,0
2016,20161104,45,2016_45,114.14285714285714,4068.0897823754963,40,0
2016,20161105,45,2016_45,114.14285714285714,12593.938308224022,171,0
2016,20161106,46,2016_46,114.14285714285714,9286.73785816643,108,9243
2016,20161107,46,2016_46,114.14285714285714,5847.16441859299,79,0
2016,20161108,46,2016_46,114.14285714285714,4111.936969079826,53,0
2016,20161109,46,2016_46,114.14285714285714,8727.651584794441,108,0
2016,20161110,46,2016_46,114.14285714285714,4461.218746933032,51,0
2016,20161111,46,2016_46,114.14285714285714,14973.861831004688,179,0
2016,20161112,46,2016_46,114.14285714285714,8044.107615536188,83,0
2016,20161113,47,2016_47,114.14285714285714,8562.204276489992,89,7699
2016,20161114,47,2016_47,114.14285714285714,1932.4733610447897,21,0
2016,20161115,47,2016_47,114.14285714285714,2189.4807609093323,22,0
2016,20161116,47,2016_47,114.14285714285714,1343.2127717842004,15,0
2016,20161117,47,2016_47,114.14285714285714,4651.306079877509,54,0
2016,20161118,47,2016_47,114.14285714285714,3476.2106190677623,38,0
2016,20161119,47,2016_47,114.14285714285714,10891.310891310894,109,0
2016,20161120,48,2016_48,114.14285714285714,4816.961959819103,51,7771
2016,20161121,48,2016_48,114.14285714285714,1860.2204316490033,19,0
2016,20161122,48,2016_48,114.14285714285714,3933.261076118219,42,0
2016,20161123,48,2016_48,114.14285714285714,1925.4304968590682,20,0
2016,20161124,48,2016_48,114.14285714285714,2664.3812358098075,28,0
2016,20161125,48,2016_48,114.14285714285714,2750.5684648541787,28,0
2016,20161126,48,2016_48,114.14285714285714,6628.260913975199,72,0
2016,20161127,49,2016_49,114.14285714285714,7107.114249971393,76,7271
2016,20161128,49,2016_49,114.14285714285714,3422.74485131628,38,0
2016,20161129,49,2016_49,114.14285714285714,3447.146304289162,37,0
2016,20161130,49,2016_49,114.14285714285714,15106.557963700823,158,0
2016,20161201,49,2016_49,114.14285714285714,2419.1438477152765,24,0
2016,20161202,49,2016_49,114.14285714285714,2519.8010912296627,25,0
2016,20161203,49,2016_49,114.14285714285714,6055.1860551860555,65,0
2016,20161204,50,2016_50,114.14285714285714,3797.375225946654,41,6927
2016,20161205,50,2016_50,114.14285714285714,2402.359545216688,24,0
2016,20161206,50,2016_50,114.14285714285714,2113.030684459256,23,0
2016,20161207,50,2016_50,114.14285714285714,1654.0645112073685,18,0
2016,20161208,50,2016_50,114.14285714285714,1756.4503278788993,18,0
2016,20161209,50,2016_50,114.14285714285714,74164.35559292702,778,0
2016,20161210,50,2016_50,114.14285714285714,5472.915472915473,57,0
2016,20161211,51,2016_51,114.14285714285714,5896.691610977326,66,6652
2016,20161212,51,2016_51,114.14285714285714,4027.7368848797423,45,0
2016,20161213,51,2016_51,114.14285714285714,3296.4632964632965,36,0
2016,20161214,51,2016_51,114.14285714285714,5652.044223472795,54,0
2016,20161215,51,2016_51,114.14285714285714,2351.5709229994945,24,0
2016,20161216,51,2016_51,114.14285714285714,6163.453306310449,61,0
2016,20161217,51,2016_51,114.14285714285714,8323.068323068323,83,0
2016,20161218,52,2016_52,114.14285714285714,9289.437860866432,91,8774
2016,20161219,52,2016_52,114.14285714285714,4060.5383462526324,40,0
2016,20161220,52,2016_52,114.14285714285714,3859.046716189573,38,0
2016,20161221,52,2016_52,114.14285714285714,4473.904473904474,45,0
2016,20161222,52,2016_52,114.14285714285714,6356.963499820643,58,0
2016,20161223,52,2016_52,114.14285714285714,9335.367906796479,94,0
2016,20161224,52,2016_52,114.14285714285714,29172.923458637746,279,0
2016,20161225,53,2016_53,114.14285714285714,17514.4246572818,172,14595
2016,20161226,53,2016_53,114.14285714285714,3945.8968030396604,39,0
2016,20161227,53,2016_53,114.14285714285714,5271.7595574738425,52,0
2016,20161228,53,2016_53,114.14285714285714,5428.062570919714,53,0
2016,20161229,53,2016_53,114.14285714285714,4836.651979509123,47,0
2016,20161230,53,2016_53,114.14285714285714,7096.385667814239,69,0
2016,20161231,53,2016_53,114.14285714285714,22158.01644373073,225,0
2017,20170101,1,2017_01,114.14285714285714,26336.74633674634,264,12284
2017,20170102,1,2017_01,114.14285714285714,18867.100295671728,184,0
2017,20170103,1,2017_01,114.14285714285714,15405.24826239112,151,0
2017,20170104,1,2017_01,114.14285714285714,7124.472838758554,69,0
2017,20170105,1,2017_01,114.14285714285714,3850.696707839565,39,0
2017,20170106,1,2017_01,114.14285714285714,6057.198914341771,59,0
2017,20170107,1,2017_01,114.14285714285714,11277.638420495565,109,0
2017,20170108,2,2017_02,114.14285714285714,12474.551045979617,125,17854
2017,20170109,2,2017_02,114.14285714285714,8815.784530070245,83,0
2017,20170110,2,2017_02,114.14285714285714,7025.58988273274,66,0
2017,20170111,2,2017_02,114.14285714285714,7265.224408081551,69,0
2017,20170112,2,2017_02,114.14285714285714,7767.579196150625,78,0
2017,20170113,2,2017_02,114.14285714285714,12265.226550940837,119,0
2017,20170114,2,2017_02,114.14285714285714,20679.373536516396,204,0
2017,20170115,3,2017_03,114.14285714285714,19942.3413709128,195,13381
2017,20170116,3,2017_03,114.14285714285714,9646.673932388218,97,0
2017,20170117,3,2017_03,114.14285714285714,10967.502396073825,112,0
2017,20170118,3,2017_03,114.14285714285714,16099.4060994061,159,0
2017,20170119,3,2017_03,114.14285714285714,12057.609200466342,118,0
2017,20170120,3,2017_03,114.14285714285714,15617.325617325618,157,0
2017,20170121,3,2017_03,114.14285714285714,23694.456551599407,236,0
2017,20170122,4,2017_04,114.14285714285714,21508.861508861508,210,12560
2017,20170123,4,2017_04,114.14285714285714,18437.764152049866,185,0
2017,20170124,4,2017_04,114.14285714285714,17678.110535253392,177,0
2017,20170125,4,2017_04,114.14285714285714,21062.55106255106,209,0
2017,20170126,4,2017_04,114.14285714285714,21922.360493789067,215,0
2017,20170127,4,2017_04,114.14285714285714,8720.471577614435,85,0
2017,20170128,4,2017_04,114.14285714285714,6601.435172863745,63,0
2017,20170129,5,2017_05,114.14285714285714,6996.592710878425,70,10293
2017,20170130,5,2017_05,114.14285714285714,8699.852985567271,92,0
2017,20170131,5,2017_05,114.14285714285714,8846.234560520275,85,0
2017,20170201,5,2017_05,114.14285714285714,6023.070308784595,57,0
2017,20170202,5,2017_05,114.14285714285714,6467.187895759324,66,0
2017,20170203,5,2017_05,114.14285714285714,7786.88635831493,76,0
2017,20170204,5,2017_05,114.14285714285714,5471.084042512614,54,0
2017,20170205,6,2017_06,114.14285714285714,5364.455364455364,55,7576
2017,20170206,6,2017_06,114.14285714285714,5116.526545097974,53,0
2017,20170207,6,2017_06,114.14285714285714,2766.2741948456237,26,0
2017,20170208,6,2017_06,114.14285714285714,5205.83377726235,52,0
2017,20170209,6,2017_06,114.14285714285714,3915.8824873110593,42,0
2017,20170210,6,2017_06,114.14285714285714,3505.44636258922,36,0
2017,20170211,6,2017_06,114.14285714285714,7899.265042122186,79,0
2017,20170212,7,2017_07,114.14285714285714,5224.726653298082,53,12252
2017,20170213,7,2017_07,114.14285714285714,4316.890031175745,44,0
2017,20170214,7,2017_07,114.14285714285714,7434.443148728863,75,0
2017,20170215,7,2017_07,114.14285714285714,3957.511100368243,41,0
2017,20170216,7,2017_07,114.14285714285714,4044.375472946901,43,0
2017,20170217,7,2017_07,114.14285714285714,3714.2751428465717,40,0
2017,20170218,7,2017_07,114.14285714285714,8514.867086295657,92,0
2017,20170219,8,2017_08,114.14285714285714,4390.784390784391,47,14572
2017,20170220,8,2017_08,114.14285714285714,2568.5597114168545,27,0
2017,20170221,8,2017_08,114.14285714285714,2444.545301688159,26,0
2017,20170222,8,2017_08,114.14285714285714,2595.934024505453,30,0
2017,20170223,8,2017_08,114.14285714285714,6649.628078199507,73,0
2017,20170224,8,2017_08,114.14285714285714,2701.426987141273,31,0
2017,20170225,8,2017_08,114.14285714285714,3420.6205634777066,36,0
2017,20170226,9,2017_09,114.14285714285714,57847.670704813565,610,9710
2017,20170227,9,2017_09,114.14285714285714,1592.9187357758788,18,0
2017,20170228,9,2017_09,114.14285714285714,2405.5866913009772,25,0
2017,20170301,9,2017_09,114.14285714285714,1758.0017580017582,17,0
2017,20170302,9,2017_09,114.14285714285714,2100.850672279244,22,0
2017,20170303,9,2017_09,114.14285714285714,1985.120556549128,21,0
2017,20170304,9,2017_09,114.14285714285714,3212.9089271946414,35,0
2017,20170305,10,2017_10,114.14285714285714,4440.00444000444,47,8775
2017,20170306,10,2017_10,114.14285714285714,1859.2561449704308,20,0
2017,20170307,10,2017_10,114.14285714285714,1109.4196808482525,12,0
2017,20170308,10,2017_10,114.14285714285714,2283.487997773712,25,0
2017,20170309,10,2017_10,114.14285714285714,1078.001078001078,13,0
2017,20170310,10,2017_10,114.14285714285714,1853.1875674732817,20,0
2017,20170311,10,2017_10,114.14285714285714,3765.9751945466232,48,0
2017,20170312,11,2017_11,114.14285714285714,6913.735485164057,91,8027
2017,20170313,11,2017_11,114.14285714285714,1552.4029809744095,21,0
2017,20170314,11,2017_11,114.14285714285714,1240.9326695040982,12,0
2017,20170315,11,2017_11,114.14285714285714,1391.22710551282,17,0
2017,20170316,11,2017_11,114.14285714285714,1137.1697085982803,14,0
2017,20170317,11,2017_11,114.14285714285714,7767.722053436339,113,0
2017,20170318,11,2017_11,114.14285714285714,2264.8665505808362,28,0
2017,20170319,12,2017_12,114.14285714285714,7168.72145443574,97,8893
2017,20170320,12,2017_12,114.14285714285714,519.5719481433767,7,0
2017,20170321,12,2017_12,114.14285714285714,1241.4726700440985,14,0
2017,20170322,12,2017_12,114.14285714285714,53006.39300639301,590,0
2017,20170323,12,2017_12,114.14285714285714,1135.6297070582784,13,0
2017,20170324,12,2017_12,114.14285714285714,4515.37737252023,65,0
2017,20170325,12,2017_12,114.14285714285714,13003.641575070147,187,0
2017,20170326,13,2017_13,114.14285714285714,8790.837362265935,128,7730
2017,20170327,13,2017_13,114.14285714285714,756.1150418293277,10,0
2017,20170328,13,2017_13,114.14285714285714,990.515276229562,14,0
2017,20170329,13,2017_13,114.14285714285714,4561.604561604562,69,0
2017,20170330,13,2017_13,114.14285714285714,1510.0043671472245,20,0
2017,20170331,13,2017_13,114.14285714285714,4209.089923375637,62,0
2017,20170401,13,2017_13,114.14285714285714,5119.252262109406,81,0
2017,20170402,14,2017_14,114.14285714285714,5090.676519247947,70,7253
2017,20170403,14,2017_14,114.14285714285714,3620.4321918607634,53,0
2017,20170404,14,2017_14,114.14285714285714,2414.230985659557,36,0
2017,20170405,14,2017_14,114.14285714285714,4284.468570182856,48,0
2017,20170406,14,2017_14,114.14285714285714,2253.5736821451105,28,0
2017,20170407,14,2017_14,114.14285714285714,1061.1439182867755,12,0
2017,20170408,14,2017_14,114.14285714285714,2819.2028192028197,32,0
2017,20170409,15,2017_15,114.14285714285714,1829.3732579446867,21,6798
2017,20170410,15,2017_15,114.14285714285714,1414.397128682843,15,0
2017,20170411,15,2017_15,114.14285714285714,1378.0513780513782,14,0
2017,20170412,15,2017_15,114.14285714285714,493.6147793290651,6,0
2017,20170413,15,2017_15,114.14285714285714,1365.4299368585082,15,0
2017,20170414,15,2017_15,114.14285714285714,1612.744469887327,19,0
2017,20170415,15,2017_15,114.14285714285714,2148.1164338307194,27,0
2017,20170416,16,2017_16,114.14285714285714,2192.0093348664777,27,6486
2017,20170417,16,2017_16,114.14285714285714,1328.2927568641855,15,0
2017,20170418,16,2017_16,114.14285714285714,745.3036024464595,8,0
2017,20170419,16,2017_16,114.14285714285714,1110.6125391839678,12,0
2017,20170420,16,2017_16,114.14285714285714,995.0695664981379,12,0
2017,20170421,16,2017_16,114.14285714285714,1060.446774732489,13,0
2017,20170422,16,2017_16,114.14285714285714,913.2823418537705,12,0
2017,20170423,17,2017_17,114.14285714285714,2689.7298325869756,29,6595
2017,20170424,17,2017_17,114.14285714285714,1283.6012836012837,14,0
2017,20170425,17,2017_17,114.14285714285714,1278.0727066441355,15,0
2017,20170426,17,2017_17,114.14285714285714,1743.4231719946006,18,0
2017,20170427,17,2017_17,114.14285714285714,1163.822592394021,13,0
2017,20170428,17,2017_17,114.14285714285714,2489.3667750810605,25,0
2017,20170429,17,2017_17,114.14285714285714,753.1436102864674,9,0
2017,20170430,18,2017_18,114.14285714285714,1438.6371529228672,20,0
2017,20170501,18,2017_18,114.14285714285714,2127.7492706064136,28,0
2017,20170502,18,2017_18,114.14285714285714,985.2352709495567,11,0
2017,20170503,18,2017_18,114.14285714285714,475.9676188247617,5,0
2017,20170504,18,2017_18,114.14285714285714,843.9265582122724,9,0
2017,20170505,18,2017_18,114.14285714285714,292.594578308864,4,0
2017,20170506,18,2017_18,114.14285714285714,1471.6871859729001,20,0
2017,20170507,19,2017_19,114.14285714285714,1129.0011290011291,17,5130
2017,20170508,19,2017_19,114.14285714285714,866.5937237365808,12,0
2017,20170509,19,2017_19,114.14285714285714,641.5720701434988,9,0
2017,20170510,19,2017_19,114.14285714285714,593.3291647577362,8,0
2017,20170511,19,2017_19,114.14285714285714,490.7362050219194,5,0
2017,20170512,19,2017_19,114.14285714285714,827.5151132293989,11,0
2017,20170513,19,2017_19,114.14285714285714,1138.1439952868525,15,0
2017,20170514,20,2017_20,114.14285714285714,1126.5439836868409,14,5776
2017,20170515,20,2017_20,114.14285714285714,629.6177724749152,8,0
2017,20170516,20,2017_20,114.14285714285714,329.37175794318654,5,0
2017,20170517,20,2017_20,114.14285714285714,648.1320767035054,8,0
2017,20170518,20,2017_20,114.14285714285714,583.1862974720118,8,0
2017,20170519,20,2017_20,114.14285714285714,725.1435822864394,11,0
2017,20170520,20,2017_20,114.14285714285714,1013.5438706867279,15,0
2017,20170521,21,2017_21,114.14285714285714,371.000371000371,6,5542
2017,20170522,21,2017_21,114.14285714285714,287.8860021717165,4,0
2017,20170523,21,2017_21,114.14285714285714,296.28601057172483,5,0
2017,20170524,21,2017_21,114.14285714285714,345.57177414320273,5,0
2017,20170525,21,2017_21,114.14285714285714,338.000338000338,6,0
2017,20170526,21,2017_21,114.14285714285714,193.88590817162248,3,0
2017,20170527,21,2017_21,114.14285714285714,3581.1435811435813,63,0
2017,20170528,22,2017_22,114.14285714285714,3280.3675660818517,51,5352
2017,20170529,22,2017_22,114.14285714285714,882.7380255951686,13,0
2017,20170530,22,2017_22,114.14285714285714,1318.001318001318,25,0
2017,20170531,22,2017_22,114.14285714285714,797.6293690579405,11,0
2017,20170601,22,2017_22,114.14285714285714,476.40047640047646,6,0
2017,20170602,22,2017_22,114.14285714285714,551.7291231576945,8,0
2017,20170603,22,2017_22,114.14285714285714,771.9150576293433,11,0
2017,20170604,23,2017_23,114.14285714285714,809.8722384436671,12,5579
2017,20170605,23,2017_23,114.14285714285714,541.6205416205416,8,0
2017,20170606,23,2017_23,114.14285714285714,1774.644631787489,19,0
2017,20170607,23,2017_23,114.14285714285714,491.8576347147776,7,0
2017,20170608,23,2017_23,114.14285714285714,524.9433820862392,6,0
2017,20170609,23,2017_23,114.14285714285714,7576.021861736148,80,0
2017,20170610,23,2017_23,114.14285714285714,1193.1440502869075,15,0
2017,20170611,24,2017_24,114.14285714285714,707.1007071007072,11,5059
2017,20170612,24,2017_24,114.14285714285714,144.000144000144,4,0
2017,20170613,24,2017_24,114.14285714285714,87.71437342865914,1,0
2017,20170614,24,2017_24,114.14285714285714,661.9292333578048,8,0
2017,20170615,24,2017_24,114.14285714285714,51.28576557147986,1,0
2017,20170616,24,2017_24,114.14285714285714,936.8580797152226,13,0
2017,20170617,24,2017_24,114.14285714285714,1507.5729361443648,25,0
2017,20170618,25,2017_25,114.14285714285714,212.41449812878386,3,4910
2017,20170619,25,2017_25,114.14285714285714,159.85730271444558,1,0
2017,20170620,25,2017_25,114.14285714285714,318.0574609146038,4,0
2017,20170621,25,2017_25,114.14285714285714,64.14292128577843,1,0
2017,20170622,25,2017_25,114.14285714285714,359.42893085750234,4,0
2017,20170623,25,2017_25,114.14285714285714,222.3573652145081,4,0
2017,20170624,25,2017_25,114.14285714285714,524.7148104290961,8,0
2017,20170625,26,2017_26,114.14285714285714,1019.1438762867334,14,4361
2017,20170626,26,2017_26,114.14285714285714,672.9221014935301,11,0
2017,20170627,26,2017_26,114.14285714285714,406.2861205718349,5,0
2017,20170628,26,2017_26,114.14285714285714,914.7152004294861,17,0
2017,20170629,26,2017_26,114.14285714285714,374.85751771466056,6,0
2017,20170630,26,2017_26,114.14285714285714,87.42865885723029,2,0
2017,20170701,26,2017_26,114.14285714285714,911.2009112009112,12,0
2017,20170702,27,2017_27,114.14285714285714,595.1863094720238,9,4103
2017,20170703,27,2017_27,114.14285714285714,485.14334228619947,8,0
2017,20170704,27,2017_27,114.14285714285714,246.57167514310373,4,0
2017,20170705,27,2017_27,114.14285714285714,396.4289678575393,5,0
2017,20170706,27,2017_27,114.14285714285714,454.35759721474005,7,0
2017,20170707,27,2017_27,114.14285714285714,477.42904885762033,6,0
2017,20170708,27,2017_27,114.14285714285714,817.000817000817,13,0
2017,20170709,28,2017_28,114.14285714285714,372.14322928608647,6,3929
2017,20170710,28,2017_28,114.14285714285714,349.4289208574923,5,0
2017,20170711,28,2017_28,114.14285714285714,298.5717271431557,4,0
2017,20170712,28,2017_28,114.14285714285714,478.00047800047804,9,0
2017,20170713,28,2017_28,114.14285714285714,228.14308528594242,3,0
2017,20170714,28,2017_28,114.14285714285714,777.7150634293491,14,0
2017,20170715,28,2017_28,114.14285714285714,415.6389870675585,6,0
2017,20170716,29,2017_29,114.14285714285714,926.6480695052123,13,4894
2017,20170717,29,2017_29,114.14285714285714,320.8574637146066,4,0
2017,20170718,29,2017_29,114.14285714285714,351.00035100035103,6,0
2017,20170719,29,2017_29,114.14285714285714,153.85729671443957,3,0
2017,20170720,29,2017_29,114.14285714285714,436.000436000436,6,0
2017,20170721,29,2017_29,114.14285714285714,784.286498572213,20,0
2017,20170722,29,2017_29,114.14285714285714,843.2865575722719,15,0
2017,20170723,30,2017_30,114.14285714285714,534.8576777148206,9,4038
2017,20170724,30,2017_30,114.14285714285714,298.000298000298,5,0
2017,20170725,30,2017_30,114.14285714285714,-14.428585857157286,0,0
2017,20170726,30,2017_30,114.14285714285714,323.7146094288952,5,0
2017,20170727,30,2017_30,114.14285714285714,139.71442542871117,2,0
2017,20170728,30,2017_30,114.14285714285714,181.14303828589544,3,0
2017,20170729,30,2017_30,114.14285714285714,615.8577587149016,11,0
2017,20170730,31,2017_31,114.14285714285714,520.0448057590914,8,4802
2017,20170731,31,2017_31,114.14285714285714,524.8576677148106,6,0
2017,20170801,31,2017_31,114.14285714285714,443.5718721433007,7,0
2017,20170802,31,2017_31,114.14285714285714,265.2859795716939,4,0
2017,20170803,31,2017_31,114.14285714285714,235.0288064573779,3,0
2017,20170804,31,2017_31,114.14285714285714,21.285735571449855,1,0
2017,20170805,31,2017_31,114.14285714285714,410.34041034041036,9,0
2017,20170806,32,2017_32,114.14285714285714,271.85741471455754,6,3880
2017,20170807,32,2017_32,114.14285714285714,334.7146204289062,8,0
2017,20170808,32,2017_32,114.14285714285714,237.85738071452357,6,0
2017,20170809,32,2017_32,114.14285714285714,312.42888385745533,5,0
2017,20170810,32,2017_32,114.14285714285714,229.71451542880115,4,0
2017,20170811,32,2017_32,114.14285714285714,97.21438292866864,3,0
2017,20170812,32,2017_32,114.14285714285714,217.90593219164649,3,0
2017,20170813,33,2017_33,114.14285714285714,243.7616723331009,4,3282
2017,20170815,33,2017_33,114.14285714285714,281.000281000281,4,0
2017,20170816,33,2017_33,114.14285714285714,233.92880535737677,3,0
2017,20170817,33,2017_33,114.14285714285714,206.78592107163536,3,0
2017,20170818,33,2017_33,114.14285714285714,2302.788017073731,44,0
2017,20170819,33,2017_33,114.14285714285714,875.3580182151611,16,0
2017,20170820,34,2017_34,114.14285714285714,819.2865335722479,17,2752
2017,20170821,34,2017_34,114.14285714285714,27.000027000027,1,0
2017,20170822,34,2017_34,114.14285714285714,176.80017680017679,4,0
2017,20170823,34,2017_34,114.14285714285714,349.14320628606345,6,0
2017,20170824,34,2017_34,114.14285714285714,285.28599957171383,5,0
2017,20170825,34,2017_34,114.14285714285714,267.60598189169616,4,0
2017,20170826,34,2017_34,114.14285714285714,182.71446842875415,4,0
2017,20170827,35,2017_35,114.14285714285714,389.2861035718179,8,2903
